"chave","caso_id","campo","gabarito","obtido","veredito","comentario"
"C001:titulo","C001","titulo","Evasão no curso de Enfermagem da Estácio","Evasão em Enfermagem Estácio","concordo",""
"C001:objetivo","C001","objetivo","Entender os principais motivos da evasão de alunos no curso de Enfermagem da Estácio.","entender melhor a evasão de alunos no curso de Enfermagem da Estácio","concordo",""
"C001:resultado_esperado","C001","resultado_esperado","Análise: Entender os principais motivos da evasão de alunos no curso de Enfermagem da Estácio.","Análise: entender melhor a evasão de alunos no curso de Enfermagem da Estácio","concordo",""
"C002:titulo","C002","titulo","Captação do Semipresencial por polo de EaD","Dashboard de Captação do Semipresencial por Polo de EaD","concordo",""
"C002:objetivo","C002","objetivo","acompanhar a captação do Semipresencial por polo de EaD","monitorar a captação do Semipresencial por polo de EaD","concordo",""
"C003:titulo","C003","titulo","Estruturação da camada Gold de matrículas Estácio & Wyden","Construção de camada Gold de matrículas","discordo","Ficou vago, é bom colocar Estácio & Wyden"
"C003:objetivo","C003","objetivo","estruturar a camada Gold de matrículas a partir da Silver de captação para viabilizar os dashboards de Estácio & Wyden","Estruturar a camada Gold de matrículas a partir da Silver de captação com atualização diária para viabilizar os dashboards de Estácio & Wyden","concordo",""
"C003:bloqueios","C003","bloqueios","depende da liberação de acesso da equipe de Engenharia","depende da liberação de acesso da equipe de Engenharia","concordo",""
"C003:link_evidencia","C003","link_evidencia","https://chamados.yduqs.com.br/TICKET-4521","https://chamados.yduqs.com.br/TICKET-4521","concordo",""
"C004:titulo","C004","titulo","Alerta de evasão no Digital","Alerta de evasão no Digital","concordo",""
"C004:objetivo","C004","objetivo","monitorar a taxa de evasão no ensino Digital para agir antes de fechar o trimestre","Monitorar a taxa de evasão no ensino Digital e disparar alerta quando ela passar de 8% em qualquer marca, verificado a cada 6 horas, para que a diretoria de operações agir antes de fechar o trimestre.","concordo",""
"C005:titulo","C005","titulo","Conversão do funil de captação: Semipresencial vs. Presencial","Análise de conversão entre Semipresencial e Presencial em Estácio & Wyden","concordo",""
"C005:objetivo","C005","objetivo","comparando a taxa de conversão do funil de captação do Semipresencial vs. Presencial em Estácio & Wyden nos últimos 6 meses","análise pontual comparando a taxa de conversão do funil de captação entre Semipresencial e Presencial em Estácio & Wyden nos últimos 6 meses","concordo",""
"C005:resultado_esperado","C005","resultado_esperado","Análise: comparando a taxa de conversão do funil de captação do Semipresencial vs. Presencial em Estácio & Wyden nos últimos 6 meses","Análise: análise pontual comparando a taxa de conversão do funil de captação entre Semipresencial e Presencial em Estácio & Wyden nos últimos 6 meses","concordo",""
"C006:titulo","C006","titulo","Renovação de matrícula na pós-graduação do Ibmec","Monitoramento de renovação Ibmec","discordo",""
"C006:objetivo","C006","objetivo","O objetivo é entender por que os alunos da pós-graduação do Ibmec não estão renovando a matrícula.","monitorar a taxa de renovação de matrícula da pós-graduação do Ibmec para o time de retenção","concordo",""
"C007:titulo","C007","titulo","Queda de renovação na pós-graduação do Ibmec em São Paulo","Análise de queda de renovação e retenção","discordo",""
"C007:objetivo","C007","objetivo","mapear os segmentos de aluno com maior queda de renovação e propor gatilhos de retenção","mapear os segmentos de aluno com maior queda de renovação e propor gatilhos de retenção","concordo",""
"C007:resultado_esperado","C007","resultado_esperado","Análise: mapear os segmentos de aluno com maior queda de renovação e propor gatilhos de retenção","Análise: mapear os segmentos de aluno com maior queda de renovação e propor gatilhos de retenção","concordo",""
"C008:titulo","C008","titulo","Monitoramento da fila da Central de Relacionamento do aluno","Monitoramento da fila Estácio","discordo",""
"C008:objetivo","C008","objetivo","acompanhar em tempo real a fila da Central de Relacionamento do aluno","Monitorar em tempo real a fila da Central de Relacionamento do aluno da Estácio e verificar se o tempo médio de espera está dentro da meta","concordo",""
"C009:titulo","C009","titulo","Campanha de captação do vestibular de Medicina do IDOMED","Análise de captação do vestibular IDOMED","discordo",""
"C009:objetivo","C009","objetivo","avaliar a campanha de captação do vestibular de Medicina do IDOMED, comparando taxa de preenchimento de vagas por escola médica, canal de conversão e o retorno do desconto nas vagas adicionais","Analisar a campanha de captação do vestibular de Medicina do IDOMED, identificando a escola médica com maior taxa de preenchimento de vagas, o canal que trouxe mais conversão e avaliar se o desconto médio aplicado nas vagas adicionais valeu a pena olhando o ticket médio.","concordo",""
"C009:resultado_esperado","C009","resultado_esperado","Análise: avaliar a campanha de captação do vestibular de Medicina do IDOMED, comparando taxa de preenchimento de vagas por escola médica, canal de conversão e o retorno do desconto nas vagas adicionais","Análise: Analisar a campanha de captação do vestibular de Medicina do IDOMED, identificando a escola médica com maior taxa de preenchimento de vagas, o canal que trouxe mais conversão e avaliar se o desconto médio aplicado nas vagas adicionais valeu a pena olhando o ticket médio.","concordo",""
"C010:titulo","C010","titulo","Queda de captação do vestibular em Ibmec Brasília","Dashboard de análise de crescimento de canais de marketing","discordo",""
"C010:objetivo","C010","objetivo","Preciso entender por que a captação de vestibular caiu no polo de Ibmec em Brasília no último mês.","ajuda com dados","discordo",""
"C010:resultado_esperado","C010","resultado_esperado","Análise: Preciso entender por que a captação de vestibular caiu no polo de Ibmec em Brasília no último mês.","Dashboard interativo","discordo",""